Position,Const,Created,Modified,Description,Title,Original Title,URL,Title Type,IMDb Rating,Runtime (mins),Year,Genres,Num Votes,Release Date,Directors,Your Rating,Date Rated
1,tt34206385,2026-05-29,2026-05-29,,"Primetime","Primetime",https://www.imdb.com/title/tt34206385/,Movie,7.2,110,2026,"Biography, Crime, Drama, Thriller",9371,2026-09-25,"Lance Oppenheim",,
2,tt1839578,2026-05-30,2026-05-30,,"Person of Interest","Person of Interest",https://www.imdb.com/title/tt1839578/,TV Series,8.5,43,2011,"Action, Crime, Drama, Mystery, Sci-Fi, Thriller",216550,2011-09-22,,,
3,tt0384766,2026-06-02,2026-06-02,,"Rome","Rome",https://www.imdb.com/title/tt0384766/,TV Series,8.7,60,2005,"Action, Drama, Romance, War",207480,2005-08-28,,,
4,tt2788316,2026-06-02,2026-06-02,,"Shōgun","Shogun",https://www.imdb.com/title/tt2788316/,TV Series,8.6,60,2024,"Action, Adventure, Drama, History, War",253252,2024-02-27,,,
5,tt0783233,2026-06-02,2026-06-02,,"Atonement","Atonement",https://www.imdb.com/title/tt0783233/,Movie,7.8,123,2007,"Drama, Mystery, Romance, War",334099,2008-01-11,"Joe Wright",,
6,tt20215234,2026-06-02,2026-06-02,,"Conclave","Conclave",https://www.imdb.com/title/tt20215234/,Movie,7.4,120,2024,"Drama, Thriller",288737,2024-10-25,"Edward Berger",,
7,tt29567915,2026-06-14,2026-06-14,,"Nuremberg","Nuremberg",https://www.imdb.com/title/tt29567915/,Movie,7.3,148,2025,"Biography, Drama, History, Thriller, War",120089,2025-11-07,"James Vanderbilt",,
8,tt32916440,2026-06-14,2026-06-14,,"Marty Supreme","Marty Supreme",https://www.imdb.com/title/tt32916440/,Movie,7.5,149,2025,"Comedy, Drama, Sport",222431,2025-12-25,"Josh Safdie",,
9,tt7526136,2026-07-31,2026-07-31,,"Heart of the Beast","Heart of the Beast",https://www.imdb.com/title/tt7526136/,Movie,7.3,101,2026,"Action, Adventure, Drama",12120,2026-09-25,"David Ayer",,
10,tt34890576,2026-09-13,2026-09-13,,"Clayface","Clayface",https://www.imdb.com/title/tt34890576/,Movie,,108,2026,"Horror, Sci-Fi, Thriller",0,2026-10-23,"James Watkins",,
11,tt2243973,2026-09-13,2026-09-13,,"Hannibal","Hannibal",https://www.imdb.com/title/tt2243973/,TV Series,8.5,45,2013,"Crime, Drama, Horror, Mystery, Thriller",314642,2013-04-04,,,
12,tt0434706,2026-09-17,2026-09-17,,"Monster","Monster",https://www.imdb.com/title/tt0434706/,TV Series,8.8,24,2004,"Animation, Crime, Drama, Mystery, Thriller",75980,2004-04-06,,,
13,tt0112159,2026-09-17,2026-09-17,,"Neon Genesis Evangelion","Shinseiki Evangelion",https://www.imdb.com/title/tt0112159/,TV Series,8.5,24,1995,"Animation, Action, Drama, Sci-Fi",115637,1997-08-20,,,
14,tt0169858,2026-09-17,2026-09-17,,"Neon Genesis Evangelion: The End of Evangelion","Shin seiki Evangelion Gekijô-ban: Air/Magokoro wo, kimi ni",https://www.imdb.com/title/tt0169858/,Movie,8.1,87,1997,"Animation, Action, Drama, Sci-Fi",79292,2024-03-17,"Hideaki Anno, Kazuya Tsurumaki",,
15,tt1196946,2026-09-17,2026-09-17,,"The Mentalist","The Mentalist",https://www.imdb.com/title/tt1196946/,TV Series,8.2,43,2008,"Crime, Drama, Mystery, Thriller",253136,2008-09-23,,,
16,tt2861424,2026-09-17,2026-09-17,,"Rick and Morty","Rick and Morty",https://www.imdb.com/title/tt2861424/,TV Series,9.0,23,2013,"Animation, Adventure, Comedy, Sci-Fi",714307,2013-12-02,,,
17,tt1475582,2026-09-17,2026-09-17,,"Sherlock","Sherlock",https://www.imdb.com/title/tt1475582/,TV Series,9.0,90,2010,"Crime, Drama, Mystery, Thriller",1101518,2010-10-24,,,
18,tt3398228,2026-09-17,2026-09-17,,"BoJack Horseman","BoJack Horseman",https://www.imdb.com/title/tt3398228/,TV Series,8.8,25,2014,"Animation, Comedy, Drama",239575,2014-08-22,,,
19,tt0162222,2026-09-18,2026-09-18,,"Cast Away","Cast Away",https://www.imdb.com/title/tt0162222/,Movie,7.8,143,2000,"Adventure, Drama, Romance",697530,2000-12-22,"Robert Zemeckis",,
20,tt0362227,2026-09-25,2026-09-25,,"The Terminal","The Terminal",https://www.imdb.com/title/tt0362227/,Movie,7.4,128,2004,"Comedy, Drama, Romance",542804,2004-06-18,"Steven Spielberg",,
21,tt35538033,2026-09-30,2026-09-30,,"Resident Evil","Resident Evil",https://www.imdb.com/title/tt35538033/,Movie,7.6,94,2026,"Horror",74089,2026-09-18,"Zach Cregger",,
22,tt0264464,2026-09-30,2026-09-30,,"Catch Me If You Can","Catch Me If You Can",https://www.imdb.com/title/tt0264464/,Movie,8.1,141,2002,"Biography, Crime, Drama",1267320,2002-12-25,"Steven Spielberg",,
